Company,Keyword,Bid
U.S. Army,Student loan forgiveness,$1.02
U.S. Army,Student aid,$1.51
U.S. Army,Student loan repayment,$0.98
U.S. Army,FAFSA application,$2.04
U.S. Army,Low tuition,$1.11
U.S. Army,Affordable tuition,$1.79
U.S. Army,Easy scholarships,$0.67
U.S. Army,How to pay for college,$1.12
U.S. Army,Emergency student loans,$1.13
Nitro Scholarships,Student loan forgiveness,$1.17
Nitro Scholarships,Student aid,$1.37
Nitro Scholarships,Student loan repayment,$1.22
Nitro Scholarships,FAFSA application,$1.43
Nitro Scholarships,Low tuition,$1.07
Nitro Scholarships,Affordable tuition,$1.48
Nitro Scholarships,Easy scholarships,$1.51
Nitro Scholarships,How to pay for college,$1.97
Nitro Scholarships,Emergency student loans,$0.99
Scholarships Now,Student loan forgiveness,$1.56
Scholarships Now,Student aid,$1.31
Scholarships Now,Student loan repayment,$1.69
Scholarships Now,FAFSA application,$1.61
Scholarships Now,Low tuition,$1.52
Scholarships Now,Affordable tuition,$1.40
Scholarships Now,Easy scholarships,$0.84
Scholarships Now,How to pay for college,$1.59
Scholarships Now,Emergency student loans,$0.86
The University of Phoenix,Online IQ test,$1.91
The University of Phoenix,What is the highest IQ,$1.11
The University of Phoenix,How to increase IQ,$1.43
The University of Phoenix,Get degree fast,$1.81
The University of Phoenix,Easiest online degree,$1.56
The University of Phoenix,How to apply for college,$1.40
The University of Phoenix,College guaranteed acceptance,$1.37
The University of Phoenix,First generation college student,$1.57
The University of Phoenix,College no GED,$1.68
The University of Phoenix,Accredited universities,$0.86
DeVry University,Online IQ test,$1.07
DeVry University,What is the highest IQ,$1.06
DeVry University,How to increase IQ,$1.21
DeVry University,Get degree fast,$1.37
DeVry University,Easiest online degree,$1.23
DeVry University,How to apply for college,$1.67
DeVry University,College guaranteed acceptance,$1.68
DeVry University,First generation college student,$1.13
DeVry University,College no GED,$0.79
DeVry University,Accredited universities,$0.90
Scam State University,Online IQ test,$1.14
Scam State University,What is the highest IQ,$1.31
Scam State University,How to increase IQ,$1.16
Scam State University,Get degree fast,$1.12
Scam State University,Easiest online degree,$1.23
Scam State University,How to apply for college,$0.74
Scam State University,College guaranteed acceptance,$1.42
Scam State University,First generation college student,$1.36
Scam State University,College no GED,$1.22
Scam State University,Accredited universities,$1.44
America World University,Online IQ test,$1.26
America World University,What is the highest IQ,$1.51
America World University,How to increase IQ,$0.98
America World University,Get degree fast,$1.71
America World University,Easiest online degree,$0.88
America World University,How to apply for college,$1.45
America World University,College guaranteed acceptance,$1.50
America World University,First generation college student,$1.38
America World University,College no GED,$1.43
America World University,Accredited universities,$1.73
Payday Loans Today,Easy credit card,$1.60
Payday Loans Today,Need credit card now,$1.46
Payday Loans Today,Credit card requirements,$1.24
Payday Loans Today,No credit check,$1.68
Payday Loans Today,Instant approval loan,$1.42
Payday Loans Today,Low credit lender,$1.37
Payday Loans Today,Increase credit score fast,$1.16
Payday Loans Today,Online loan fast,$1.01
Payday Loans Today,Credit score free,$1.56
Top Cash Lending,Easy credit card,$1.07
Top Cash Lending,Need credit card now,$1.26
Top Cash Lending,Credit card requirements,$1.67
Top Cash Lending,No credit check,$1.11
Top Cash Lending,Instant approval loan,$1.03
Top Cash Lending,Low credit lender,$1.36
Top Cash Lending,Increase credit score fast,$1.08
Top Cash Lending,Online loan fast,$1.20
Top Cash Lending,Credit score free,$1.56
Rocket Credit Loans,Easy credit card,$1.88
Rocket Credit Loans,Need credit card now,$0.89
Rocket Credit Loans,Credit card requirements,$1.20
Rocket Credit Loans,No credit check,$1.73
Rocket Credit Loans,Instant approval loan,$1.83
Rocket Credit Loans,Low credit lender,$1.43
Rocket Credit Loans,Increase credit score fast,$0.96
Rocket Credit Loans,Online loan fast,$1.67
Rocket Credit Loans,Credit score free,$1.22
Marlboro,Quit smoking,$1.65
Marlboro,Niccotine addiction,$1.09
Marlboro,Is smoking bad for you,$1.64
Marlboro,Stop smoking,$1.36
Marlboro,Cigarette alternatives,$1.36
Marlboro,Niccotine withdrawl,$1.89
Marlboro,Niccotine cravings,$1.09
Marlboro,Reduce stress,$1.20
CDC,Quit smoking,$0.62
CDC,Niccotine addiction,$0.75
CDC,Is smoking bad for you,$1.71
CDC,Stop smoking,$0.99
CDC,Cigarette alternatives,$0.74
CDC,Niccotine withdrawl,$1.21
CDC,Niccotine cravings,$1.28
CDC,Reduce stress,$1.09
JUUL,Quit smoking,$1.46
JUUL,Niccotine addiction,$1.68
JUUL,Is smoking bad for you,$1.39
JUUL,Stop smoking,$1.96
JUUL,Cigarette alternatives,$1.06
JUUL,Niccotine withdrawl,$1.75
JUUL,Niccotine cravings,$1.17
JUUL,Reduce stress,$1.29
Nicoderm,Quit smoking,$1.53
Nicoderm,Niccotine addiction,$1.55
Nicoderm,Is smoking bad for you,$2.00
Nicoderm,Stop smoking,$0.90
Nicoderm,Cigarette alternatives,$1.87
Nicoderm,Niccotine withdrawl,$1.23
Nicoderm,Niccotine cravings,$1.05
Nicoderm,Reduce stress,$1.96
Arrestrecords.com,Latanya,$0.76
Arrestrecords.com,Trevon,$1.29
Arrestrecords.com,Lakisha,$0.98
All-American Bail Bonds,Latanya,$1.07
All-American Bail Bonds,Trevon,$1.15
All-American Bail Bonds,Lakisha,$0.99
Mugshot Lookups,Latanya,$1.53
Mugshot Lookups,Trevon,$0.79
Mugshot Lookups,Lakisha,$1.47
Wedding Registries,Meredith,$1.01
Wedding Registries,Claire,$1.20
Wedding Registries,Katie,$1.67
Peoplelookup.com,Meredith,$1.29
Peoplelookup.com,Claire,$1.71
Peoplelookup.com,Katie,$1.11
USPhoneBook,Meredith,$1.86
USPhoneBook,Claire,$1.43
USPhoneBook,Katie,$1.50